feature,value,shap_value
region,Galle,-28.12465528245543
vegetable_commodity,Red Spinach,-33.90156339501606
season,maha,0.2492821735038208
temperature_c,30.9,0.6635177340645949
rainfall_mm,18.5,-24.170066535470657
humidity_pct,79.7,-10.96679354876199
crop_yield_impact_score,0.95,-3.9596655184375225
month,10,-0.24827252250514878
weekofyear,43,0.2532720824494744
quarter,4,-0.08222005481964556
year,2024,0.219919353407827
